{	
	"vertices": [ "a", "b", "c", "d", "e", "f" ],
	"edges":[
			{"v1":"a","weight":"103","v2":"b"},
			{"v1":"a","weight":"210","v2":"c"},
			{"v1":"a","weight":"53","v2":"d"},
			{"v1":"a","weight":"2","v2":"e"},
			{"v1":"a","weight":"78","v2":"f"},
			{"v1":"b","weight":"4","v2":"c"},
			{"v1":"b","weight":"289","v2":"d"},
			{"v1":"b","weight":"59","v2":"e"},
			{"v1":"b","weight":"6","v2":"f"},
			{"v1":"c","weight":"1","v2":"d"},
			{"v1":"c","weight":"98","v2":"e"},
			{"v1":"c","weight":"1092","v2":"f"},
			{"v1":"d","weight":"3","v2":"e"},
			{"v1":"d","weight":"71","v2":"f"},
			{"v1":"e","weight":"33","v2":"f"}
		]
}